Player Name,Alltime_points,curr_season,last_season,Team_value
LALIT CHAUDHARY,116.66%,150%,100%,5
ANKUSH,100%,100%,0,5
SONU JAGLAN,100%,100%,0,5
AMIT KUMAR,100%,100%,0,5
RAVINDRA RAMESH KUMAWAT,33.33%,100%,27.77%,5
GURDEEP,66.66%,66.66%,0,5
SURENDER GILL,66.66%,66.66%,0,5
SELVAMANI K,21.42%,66.66%,33.33%,5
MONU,57.26%,62.50%,52.17%,5
SANDEEP NARWAL,54.64%,61.53%,50.61%,5
NITIN RAWAL,47.87%,61.29%,54.54%,5
VISHAL BHARDWAJ,57.01%,61.05%,63.15%,5
MORE GB,59.64%,60.60%,57.14%,5
VISHAL,50%,60.31%,34.61%,5
SIDDHARTH SIRISH DESAI,42.85%,60%,33.33%,5
FAZEL ATRACHALI,64.15%,59.78%,63.84%,5
NITESH KUMAR,59.37%,57.33%,64.93%,5
RAKESH GOWDA,57.14%,57.14%,0,5
SAGAR B KRISHNA,47.26%,56.52%,40%,5
BALDEV SINGH,48.78%,56.38%,38.57%,5
SUMIT,54.71%,54.71%,0,5
JOGINDER SINGH NARWAL,48.97%,54.43%,45.94%,5
JADHAV BALASAHEB SHAHAJI,54%,54%,0,5
SANDEEP KUMAR DHULL,52.84%,53.98%,52.34%,5
SAURABH NANDAL,53.84%,53.84%,0,5
SANTHAPANASELVAM,41.74%,53.84%,30.43%,5
SUNIL KUMAR,54.07%,53.48%,54.28%,5
PARVESH BHAINSWAL,55.31%,52.63%,62.31%,5
PANKAJ,39.75%,51.61%,33.33%,5
MAHENDER SINGH,51.07%,51.11%,51.63%,5
PO SURJEET SINGH,50.86%,51%,41.86%,5
AMIT HOODA,53.33%,50.81%,57.64%,5
AMIT SHEORAN,50%,50.63%,53.52%,5
VINEET SHARMA,33.80%,50%,0,5
MANJEET,45.55%,50%,39.47%,4
SATYWAN,50%,50%,0,4
ANKIT BENIWAL,50%,50%,0,4
MOHAMMAD ESMAEIL NABIBAKHSH,50%,50%,0,4
SUKESH HEGDE,16.48%,50%,15.78%,4
MERAJ SHEYKH,36.98%,50%,18.75%,4
SAGAR,50%,50%,0,4
NEERAJ KUMAR,42%,49.50%,26.53%,4
PAWAN KUMAR SEHRAWAT,37.93%,48.14%,27.50%,4
RINKU NARWAL,48.10%,48%,39.21%,4
DHARMARAJ CHERALATHAN,54.07%,48%,57.97%,4
RAVI KUMAR,45.59%,47.88%,41.66%,4
MOHIT CHHILLAR,50.18%,47.43%,44.92%,4
JAIDEEP,45.36%,47%,43.28%,4
SUMIT MALIK,46.87%,46.87%,0,4
SUNIL,38.96%,46.15%,33.60%,4
YOUNG CHANG KO,31.08%,46.15%,44.11%,4
HADI OSHTORAK,44.39%,45.94%,41.37%,4
MANJEET CHHILLAR,54.58%,45.67%,48.76%,4
RAVINDER PAHAL,49.68%,44.85%,47.20%,4
RAN SINGH,48.18%,44.26%,47.72%,4
SURINDER SINGH,43.31%,44.21%,48.81%,4
ABOZAR MOHAJERMIGHANI,53.28%,44%,57.14%,4
HADI TAJIK,32.35%,43.24%,0,4
DEEPAK NIWAS HOODA,37.39%,42.30%,31.57%,4
ASHU SINGH,41.89%,41.89%,0,4
FARHAD RAHIMI MILAGHARDAN,39.10%,41.07%,36.23%,4
GIRISH MARUTI ERNAK,46.30%,40.27%,49.55%,4
NAVEEN KUMAR,41.17%,40%,41.66%,4
ELAVARASAN A,40%,40%,0,4
BANTY,40%,40%,0,4
M. ABISHEK,40%,40%,0,4
ARJUN DESHWAL,40%,40%,0,4
RAJAGURU SUBRAMANIAN,37.24%,40%,47.61%,4
SAEID GHAFFARI,40%,40%,0,4
VICTOR ONYANGO OBIERO,40%,40%,0,3
VIKASH KANDOLA,26.47%,40%,27.77%,3
ROHIT BALIYAN,31.86%,40%,43.75%,3
VIKAS KALE,35.58%,38.88%,33.05%,3
MOHIT SEHRAWAT,38.70%,38.70%,0,3
JEEVA KUMAR,46.47%,38.66%,44.44%,3
SHUBHAM SHINDE,35.36%,38.63%,31.57%,3
RAVINDER,37.50%,37.50%,0,3
SHRIKANT JADHAV,44.44%,37.50%,45.45%,3
MOHSEN MAGHSOUDLOUJAFARI,47.36%,37.50%,51.92%,3
MOHAMMAD ESMAEIL MAGHSOUDLOU MAHALLI,36.84%,36.84%,0,3
C. ARUN,39.03%,36.53%,22.22%,3
SACHIN KUMAR,38.97%,36.36%,42.57%,3
AMIT,30.43%,36.06%,19.35%,3
PAVAN T. R.,35.48%,35.48%,0,3
ANKIT,32.14%,35.29%,27.27%,3
ANIL KUMAR,39.88%,35.08%,48.33%,3
KAMAL SINGH,33.33%,33.33%,33.33%,3
NILESH SALUNKE,24.13%,33.33%,19.04%,3
ADARSH T,46.87%,33.33%,52.17%,3
SANKET SAWANT,33.33%,33.33%,0,3
VISHAL MANE,38.83%,33.33%,40%,3
HARENDRA KUMAR,33.33%,33.33%,0,3
CHAND SINGH,33.33%,33.33%,0,3
SHABEER BAPPU,27.05%,31.81%,0,3
VIJAY KUMAR,28.20%,31.25%,9.09%,3
VIJAY,37.73%,31.25%,29.54%,3
MONU GOYAT,25.88%,30%,14.81%,3
SUMIT SINGH,36%,30%,40%,3
ROHIT GULIA,19.64%,29.41%,15.78%,3
RUTURAJ SHIVAJI KORAVI,36.53%,28.57%,38.84%,3
KRUSHNA MADANE,38.46%,28.57%,44%,3
VIKAS JAGLAN,34.73%,28.57%,43.24%,3
PONPARTHIBAN SUBRAMANIAN,32.75%,28.57%,33.33%,3
CHANDRAN RANJIT,24.39%,28.57%,33.33%,3
KULDEEP SINGH,44.13%,28.57%,46.66%,2
AJEET,27.45%,27.45%,0,2
RAHUL CHAUDHARI,31.69%,26.92%,36.84%,2
PARVEEN,38.66%,26.66%,41.66%,2
ASHISH KUMAR,41.11%,26.31%,45.97%,2
AMAN,25%,25%,0,2
JAWAHAR DAGAR,35.25%,25%,33.89%,2
VINOD KUMAR,64.70%,25%,67.44%,2
NAVEEN,31.37%,25%,32.55%,2
VINAY,25%,25%,0,2
MOHAMMAD TAGHI PAEIN MAHALI,25%,25%,0,2
SURENDER SINGH,16.98%,25%,0,2
SUSHIL GULIA,25%,25%,0,2
ROHIT KUMAR,37.50%,23.52%,30%,2
SUNIL SIDDHGAVALI,35.36%,23.07%,40.74%,2
VIRAJ VISHNU LANDGE,25.89%,22.58%,20.68%,2
SACHIN NARWAL,20%,20%,0,2
NITIN TOMAR,27.39%,20%,22.22%,2
MAYUR SHIVTARKAR,27.27%,19.04%,29.23%,2
DEEPAK NARWAL,28.88%,16.66%,44.44%,2
RAJNISH,11.11%,16.66%,0,2
SURAJ DESAI,14.28%,14.28%,0,2
DARSHAN KADIAN,26.82%,14.28%,33.33%,2
K. PRAPANJAN,12%,14.28%,9.09%,2
NAVEEN NARWAL,12.50%,12.50%,0,2
SACHIN TANWAR,52.72%,12.50%,63.63%,2
RISHANK DEVADIGA,32.39%,12.50%,21.05%,2
AJAY,19.35%,11.76%,28.57%,2
JANG KUN LEE,23.46%,11.11%,27.27%,2
ABHISHEK SINGH,22.58%,8.33%,31.57%,2
PANKAJ MOHITE,8.33%,8.33%,0,2
