Player Name,all_points,curr_season,last_season,Team_value
RAKESH NARWAL,39.37,150,52.94,5
CHAND SINGH,100,100,0,5
ANKUSH,100,100,0,5
SAURABH NANDAL,100,100,0,5
BALRAM,100,100,0,5
VICTOR ONYANGO OBIERO,80,75,85.71,5
PAWAN KUMAR SEHRAWAT,65.43,71.16,72.26,5
C. ARUN,12.12,66.66,0,5
PARDEEP NARWAL,59.35,62.56,59.59,5
MANINDER SINGH,58.31,61.61,54.78,5
RAN SINGH,42.79,61.53,40.27,5
NAVEEN KUMAR,58.92,61.51,56.02,5
PRASHANTH KUMAR RAI,52.8,61.33,55.17,5
V. AJITH KUMAR,59.73,59.73,0,5
SIDDHARTH SIRISH DESAI,63.62,57.8,67.91,5
GURVINDER SINGH,36.44,57.14,0,5
SURINDER SINGH,30.76,57.14,0,5
PANKAJ MOHITE,52.68,52.68,0,5
ARJUN DESHWAL,50.31,51.35,36.36,5
K. PRAPANJAN,44.26,50.25,47.84,5
ABOLFAZL MAGHSODLOUMAHALI,40.44,50,29.87,5
AJAY,50,50,0,5
ARUN KUMAR HN,33.33,50,20,5
AMAN KADIAN,28.57,50,0,5
VIKAS CHHILLAR,50,50,0,4
NAVEEN,47.05,49.55,45.59,4
VIKASH KANDOLA,47.32,48.59,49.56,4
VINAY,48.19,48.19,0,4
MERAJ SHEYKH,39.41,46.87,44.13,4
DEEPAK NIWAS HOODA,48.28,46.59,53.55,4
SHRIKANT JADHAV,44.77,46.39,42.46,4
ANAND,46.66,46.15,47.05,4
ABHISHEK SINGH,43.8,45.79,40.17,4
RAJNISH,41.37,44.26,34.61,4
RAHUL CHAUDHARI,47.44,43.79,45.42,4
ANKIT BENIWAL,36.84,43.75,0,4
VINEET SHARMA,18.3,43.75,0,4
SUKESH HEGDE,41.21,43.75,38.63,4
SURENDER SINGH,42.5,43.47,0,4
SURAJ DESAI,42.71,42.71,0,4
PAWAN KUMAR KADIAN,42.41,42.37,50,4
NITIN TOMAR,47.01,42.24,52.35,4
SONU JAGLAN,42.02,42.02,0,4
JANG KUN LEE,44.85,42,46.19,4
MANJEET,43.44,41.25,46.03,4
BANTY,40.62,40.62,0,4
SACHIN TANWAR,49.88,40.57,51.91,4
ROHIT GULIA,34.46,40.32,38.15,4
SUMIT SINGH,38.05,40.24,40.74,4
DONG GEON LEE,44.3,40,47.69,3
CHANDRAN RANJIT,43.41,39.6,48.41,3
SUSHIL GULIA,39.58,39.58,0,3
MONU GOYAT,47.98,39.09,53.15,3
MOHAMMAD ESMAEIL NABIBAKHSH,38.85,38.85,0,3
ATHUL MS,46.47,38.29,52.38,3
ROHIT KUMAR,47.39,38.26,47.5,3
SUSHANT SAIL,38.09,38.09,0,3
VIJAY,43.19,38.09,54.05,3
NILESH SALUNKE,40.64,37.61,40.29,3
RISHANK DEVADIGA,47.29,36.88,38.16,3
RAKESH GOWDA,36.36,36.36,0,3
HARMANJIT SINGH,36.36,36.36,0,3
SACHIN NARWAL,34.37,34.37,0,3
AJAY THAKUR,46.82,33.91,52.31,3
SUMIT,33.33,33.33,0,3
PURNA SINGH,33.33,33.33,0,3
NITIN RAWAL,40.53,33.33,43.85,3
SURENDER GILL,33.09,33.09,0,3
FARHAD RAHIMI MILAGHARDAN,34.48,32.83,36.66,3
DEEPAK NARWAL,41.74,32.52,50,3
ROHIT BALIYAN,43.51,32.25,50,3
ASHISH,31.25,31.25,0,3
MORE GB,38.1,30.3,45.93,3
MOHAMMAD ESMAEIL MAGHSOUDLOU MAHALLI,28.97,28.97,0,3
AJINKYA ASHOK PAWAR,39.3,28.78,43.55,2
SELVAMANI K,42.2,28.57,46.34,2
ARMAAN,40,28.12,56.52,2
SANDEEP NARWAL,33.89,27.45,29.06,2
VINOD KUMAR,37.57,27.27,32.35,2
EMAD SEDAGHATNIA,25,25,0,2
SHABEER BAPPU,33.43,23.65,26.92,2
AZAD SINGH,36.48,23.07,43.75,2
VIKAS JAGLAN,35.59,21.56,50,2
HADI OSHTORAK,28.84,21.05,54.54,2
AJINKYA ROHIDAS KAPRE,20,20,0,2
PALLE MALLIKARJUN,20,20,0,2
LALIT CHAUDHARY,27.77,18.18,42.85,2
DARSHAN KADIAN,36.79,17.64,34.75,2
MONU,28.4,17.46,36.29,2
MOHSEN MAGHSOUDLOUJAFARI,33.94,17.39,25.89,2
HADI TAJIK,27.77,16.66,0,2
FAZEL ATRACHALI,9.09,16.66,0,2
RAVINDRA RAMESH KUMAWAT,37.16,14.28,40.65,2
AMIT,14.28,14.28,0,2
DHARMARAJ CHERALATHAN,24.13,12.5,0,2
SHUBHAM SHINDE,5.26,12.5,0,2
MOHIT SEHRAWAT,11.62,11.62,0,2
PO SURJEET SINGH,6.76,11.11,5.55,2
SUNIL KUMAR,3.94,7.69,0,2
AMIT KUMAR,7.4,6.38,14.28,2
