team1,score,team2,winner
dabang-delhi-kc,39 - 39,bengaluru-bulls,Draw
patna-pirates,34 - 39,haryana-steelers,haryana-steelers
jaipur-pink-panthers,40 - 41,bengal-warriors,bengal-warriors
u-mumba,31 - 25,gujarat-fortunegiants,u-mumba
up-yoddha,42 - 22,tamil-thalaivas,up-yoddha
jaipur-pink-panthers,28 - 28,gujarat-fortunegiants,Draw
puneri-paltan,42 - 38,bengaluru-bulls,puneri-paltan
telugu-titans,42 - 42,patna-pirates,Draw
bengal-warriors,48 - 36,haryana-steelers,bengal-warriors
puneri-paltan,36 - 36,tamil-thalaivas,Draw
u-mumba,39 - 36,up-yoddha,u-mumba
telugu-titans,29 - 37,dabang-delhi-kc,dabang-delhi-kc
jaipur-pink-panthers,32 - 38,up-yoddha,up-yoddha
puneri-paltan,33 - 55,patna-pirates,patna-pirates
dabang-delhi-kc,34 - 30,gujarat-fortunegiants,dabang-delhi-kc
tamil-thalaivas,35 - 43,haryana-steelers,haryana-steelers
puneri-paltan,43 - 33,gujarat-fortunegiants,puneri-paltan
bengal-warriors,42 - 40,bengaluru-bulls,bengal-warriors
jaipur-pink-panthers,33 - 36,patna-pirates,patna-pirates
bengal-warriors,29 - 26,u-mumba,bengal-warriors
haryana-steelers,32 - 32,jaipur-pink-panthers,Draw
telugu-titans,27 - 41,u-mumba,u-mumba
tamil-thalaivas,25 - 51,patna-pirates,patna-pirates
up-yoddha,33 - 26,gujarat-fortunegiants,up-yoddha
bengal-warriors,42 - 39,puneri-paltan,bengal-warriors
dabang-delhi-kc,50 - 34,tamil-thalaivas,dabang-delhi-kc
dabang-delhi-kc,25 - 47,haryana-steelers,haryana-steelers
bengal-warriors,25 - 25,gujarat-fortunegiants,Draw
bengaluru-bulls,40 - 39,telugu-titans,bengaluru-bulls
patna-pirates,29 - 41,up-yoddha,up-yoddha
puneri-paltan,33 - 33,u-mumba,Draw
bengaluru-bulls,40 - 39,patna-pirates,bengaluru-bulls
jaipur-pink-panthers,44 - 46,dabang-delhi-kc,dabang-delhi-kc
telugu-titans,35 - 30,tamil-thalaivas,telugu-titans
puneri-paltan,27 - 41,haryana-steelers,haryana-steelers
bengaluru-bulls,33 - 27,tamil-thalaivas,bengaluru-bulls
up-yoddha,32 - 29,bengal-warriors,up-yoddha
u-mumba,47 - 21,jaipur-pink-panthers,u-mumba
bengaluru-bulls,23 - 32,gujarat-fortunegiants,gujarat-fortunegiants
dabang-delhi-kc,38 - 35,patna-pirates,dabang-delhi-kc
telugu-titans,27 - 34,puneri-paltan,puneri-paltan
bengal-warriors,35 - 26,tamil-thalaivas,bengal-warriors
dabang-delhi-kc,40 - 24,u-mumba,dabang-delhi-kc
gujarat-fortunegiants,25 - 41,haryana-steelers,haryana-steelers
up-yoddha,35 - 30,puneri-paltan,up-yoddha
bengal-warriors,33 - 36,haryana-steelers,haryana-steelers
dabang-delhi-kc,36 - 27,up-yoddha,dabang-delhi-kc
jaipur-pink-panthers,30 - 41,bengaluru-bulls,bengaluru-bulls
jaipur-pink-panthers,21 - 24,telugu-titans,telugu-titans
dabang-delhi-kc,33 - 31,bengaluru-bulls,dabang-delhi-kc
tamil-thalaivas,24 - 29,u-mumba,u-mumba
gujarat-fortunegiants,29 - 26,patna-pirates,gujarat-fortunegiants
bengal-warriors,35 - 26,patna-pirates,bengal-warriors
tamil-thalaivas,26 - 28,jaipur-pink-panthers,jaipur-pink-panthers
puneri-paltan,31 - 23,bengaluru-bulls,puneri-paltan
up-yoddha,31 - 24,jaipur-pink-panthers,up-yoddha
u-mumba,27 - 30,haryana-steelers,haryana-steelers
tamil-thalaivas,31 - 31,puneri-paltan,Draw
haryana-steelers,29 - 40,telugu-titans,telugu-titans
bengal-warriors,30 - 30,dabang-delhi-kc,Draw
tamil-thalaivas,21 - 32,bengaluru-bulls,bengaluru-bulls
gujarat-fortunegiants,19 - 22,jaipur-pink-panthers,jaipur-pink-panthers
u-mumba,34 - 30,patna-pirates,u-mumba
jaipur-pink-panthers,33 - 25,puneri-paltan,jaipur-pink-panthers
gujarat-fortunegiants,26 - 28,bengal-warriors,bengal-warriors
up-yoddha,33 - 36,haryana-steelers,haryana-steelers
up-yoddha,35 - 33,bengaluru-bulls,up-yoddha
bengal-warriors,29 - 29,telugu-titans,Draw
gujarat-fortunegiants,24 - 30,telugu-titans,telugu-titans
bengaluru-bulls,30 - 33,haryana-steelers,haryana-steelers
puneri-paltan,30 - 32,dabang-delhi-kc,dabang-delhi-kc
gujarat-fortunegiants,28 - 34,tamil-thalaivas,tamil-thalaivas
patna-pirates,41 - 20,up-yoddha,patna-pirates
bengal-warriors,32 - 30,u-mumba,bengal-warriors
telugu-titans,26 - 47,bengaluru-bulls,bengaluru-bulls
patna-pirates,26 - 35,haryana-steelers,haryana-steelers
up-yoddha,28 - 28,tamil-thalaivas,Draw
gujarat-fortunegiants,31 - 33,puneri-paltan,puneri-paltan
dabang-delhi-kc,35 - 24,jaipur-pink-panthers,dabang-delhi-kc
patna-pirates,20 - 41,puneri-paltan,puneri-paltan
haryana-steelers,28 - 35,tamil-thalaivas,tamil-thalaivas
bengal-warriors,42 - 43,bengaluru-bulls,bengaluru-bulls
patna-pirates,21 - 34,jaipur-pink-panthers,jaipur-pink-panthers
u-mumba,32 - 20,gujarat-fortunegiants,u-mumba
telugu-titans,20 - 20,up-yoddha,Draw
gujarat-fortunegiants,31 - 26,dabang-delhi-kc,gujarat-fortunegiants
u-mumba,23 - 27,up-yoddha,up-yoddha
haryana-steelers,21 - 37,jaipur-pink-panthers,jaipur-pink-panthers
bengal-warriors,43 - 23,puneri-paltan,bengal-warriors
tamil-thalaivas,23 - 24,patna-pirates,patna-pirates
u-mumba,26 - 30,bengaluru-bulls,bengaluru-bulls
dabang-delhi-kc,41 - 21,haryana-steelers,dabang-delhi-kc
jaipur-pink-panthers,27 - 25,bengal-warriors,jaipur-pink-panthers
u-mumba,33 - 23,puneri-paltan,u-mumba
telugu-titans,22 - 34,patna-pirates,patna-pirates
up-yoddha,19 - 44,gujarat-fortunegiants,gujarat-fortunegiants
dabang-delhi-kc,30 - 29,tamil-thalaivas,dabang-delhi-kc
telugu-titans,33 - 34,dabang-delhi-kc,dabang-delhi-kc
up-yoddha,17 - 48,bengal-warriors,bengal-warriors
puneri-paltan,24 - 34,haryana-steelers,haryana-steelers
u-mumba,23 - 42,jaipur-pink-panthers,jaipur-pink-panthers
telugu-titans,26 - 39,tamil-thalaivas,tamil-thalaivas
bengaluru-bulls,24 - 42,gujarat-fortunegiants,gujarat-fortunegiants
bengaluru-bulls,34 - 32,patna-pirates,bengaluru-bulls
telugu-titans,25 - 31,u-mumba,u-mumba
