team1,score,team2,winner
bengaluru-bulls,38 - 33,gujarat-fortunegiants,bengaluru-bulls
gujarat-fortunegiants,38 - 31,up-yoddha,gujarat-fortunegiants
up-yoddha,45 - 33,dabang-delhi-kc,up-yoddha
gujarat-fortunegiants,29 - 41,bengaluru-bulls,bengaluru-bulls
dabang-delhi-kc,39 - 28,bengal-warriors,dabang-delhi-kc
u-mumba,29 - 34,up-yoddha,up-yoddha
bengal-warriors,25 - 41,up-yoddha,up-yoddha
jaipur-pink-panthers,32 - 40,bengaluru-bulls,bengaluru-bulls
bengal-warriors,37 - 31,bengaluru-bulls,bengal-warriors
gujarat-fortunegiants,37 - 29,patna-pirates,gujarat-fortunegiants
bengal-warriors,39 - 34,telugu-titans,bengal-warriors
haryana-steelers,40 - 40,tamil-thalaivas,Draw
bengal-warriors,31 - 37,dabang-delhi-kc,dabang-delhi-kc
bengal-warriors,39 - 23,patna-pirates,bengal-warriors
u-mumba,32 - 34,up-yoddha,up-yoddha
puneri-paltan,35 - 20,telugu-titans,puneri-paltan
bengal-warriors,27 - 24,tamil-thalaivas,bengal-warriors
jaipur-pink-panthers,37 - 37,dabang-delhi-kc,Draw
jaipur-pink-panthers,31 - 33,gujarat-fortunegiants,gujarat-fortunegiants
patna-pirates,40 - 40,bengaluru-bulls,Draw
jaipur-pink-panthers,39 - 30,haryana-steelers,jaipur-pink-panthers
bengaluru-bulls,44 - 28,telugu-titans,bengaluru-bulls
jaipur-pink-panthers,29 - 34,gujarat-fortunegiants,gujarat-fortunegiants
patna-pirates,31 - 47,up-yoddha,up-yoddha
jaipur-pink-panthers,35 - 35,u-mumba,Draw
up-yoddha,25 - 25,tamil-thalaivas,Draw
bengal-warriors,28 - 21,tamil-thalaivas,bengal-warriors
jaipur-pink-panthers,36 - 23,puneri-paltan,jaipur-pink-panthers
telugu-titans,41 - 36,patna-pirates,telugu-titans
telugu-titans,24 - 37,bengaluru-bulls,bengaluru-bulls
haryana-steelers,37 - 47,gujarat-fortunegiants,gujarat-fortunegiants
telugu-titans,20 - 27,up-yoddha,up-yoddha
dabang-delhi-kc,19 - 44,u-mumba,u-mumba
telugu-titans,35 - 31,haryana-steelers,telugu-titans
tamil-thalaivas,24 - 37,jaipur-pink-panthers,jaipur-pink-panthers
telugu-titans,36 - 26,jaipur-pink-panthers,telugu-titans
u-mumba,31 - 20,bengal-warriors,u-mumba
patna-pirates,53 - 36,puneri-paltan,patna-pirates
telugu-titans,27 - 29,gujarat-fortunegiants,gujarat-fortunegiants
dabang-delhi-kc,37 - 33,tamil-thalaivas,dabang-delhi-kc
up-yoddha,30 - 29,haryana-steelers,up-yoddha
dabang-delhi-kc,32 - 31,bengaluru-bulls,dabang-delhi-kc
haryana-steelers,35 - 33,bengal-warriors,haryana-steelers
dabang-delhi-kc,34 - 29,telugu-titans,dabang-delhi-kc
patna-pirates,27 - 45,gujarat-fortunegiants,gujarat-fortunegiants
dabang-delhi-kc,35 - 24,puneri-paltan,dabang-delhi-kc
u-mumba,36 - 26,gujarat-fortunegiants,u-mumba
dabang-delhi-kc,34 - 41,u-mumba,u-mumba
tamil-thalaivas,35 - 35,patna-pirates,Draw
dabang-delhi-kc,48 - 35,jaipur-pink-panthers,dabang-delhi-kc
bengaluru-bulls,37 - 44,bengal-warriors,bengal-warriors
puneri-paltan,20 - 35,gujarat-fortunegiants,gujarat-fortunegiants
bengaluru-bulls,34 - 26,telugu-titans,bengaluru-bulls
haryana-steelers,33 - 35,puneri-paltan,puneri-paltan
bengaluru-bulls,37 - 27,up-yoddha,bengaluru-bulls
tamil-thalaivas,31 - 25,telugu-titans,tamil-thalaivas
bengaluru-bulls,32 - 35,patna-pirates,patna-pirates
dabang-delhi-kc,27 - 34,haryana-steelers,haryana-steelers
bengaluru-bulls,36 - 22,tamil-thalaivas,bengaluru-bulls
u-mumba,39 - 23,dabang-delhi-kc,u-mumba
jaipur-pink-panthers,30 - 30,puneri-paltan,Draw
bengaluru-bulls,31 - 33,bengal-warriors,bengal-warriors
gujarat-fortunegiants,40 - 31,haryana-steelers,gujarat-fortunegiants
gujarat-fortunegiants,39 - 35,u-mumba,gujarat-fortunegiants
patna-pirates,45 - 27,tamil-thalaivas,patna-pirates
gujarat-fortunegiants,26 - 29,dabang-delhi-kc,dabang-delhi-kc
tamil-thalaivas,27 - 23,telugu-titans,tamil-thalaivas
gujarat-fortunegiants,37 - 32,up-yoddha,gujarat-fortunegiants
jaipur-pink-panthers,32 - 45,bengaluru-bulls,bengaluru-bulls
gujarat-fortunegiants,30 - 30,bengaluru-bulls,Draw
puneri-paltan,22 - 26,bengal-warriors,bengal-warriors
jaipur-pink-panthers,45 - 28,up-yoddha,jaipur-pink-panthers
gujarat-fortunegiants,35 - 23,bengal-warriors,gujarat-fortunegiants
u-mumba,36 - 22,tamil-thalaivas,u-mumba
patna-pirates,38 - 35,dabang-delhi-kc,patna-pirates
u-mumba,32 - 29,bengaluru-bulls,u-mumba
tamil-thalaivas,32 - 32,haryana-steelers,Draw
u-mumba,41 - 24,up-yoddha,u-mumba
puneri-paltan,25 - 28,telugu-titans,telugu-titans
u-mumba,31 - 35,haryana-steelers,haryana-steelers
jaipur-pink-panthers,29 - 40,dabang-delhi-kc,dabang-delhi-kc
u-mumba,36 - 38,gujarat-fortunegiants,gujarat-fortunegiants
patna-pirates,50 - 30,bengal-warriors,patna-pirates
bengal-warriors,30 - 25,telugu-titans,bengal-warriors
u-mumba,48 - 24,jaipur-pink-panthers,u-mumba
up-yoddha,27 - 37,bengaluru-bulls,bengaluru-bulls
haryana-steelers,33 - 39,dabang-delhi-kc,dabang-delhi-kc
up-yoddha,26 - 26,telugu-titans,Draw
jaipur-pink-panthers,38 - 32,haryana-steelers,jaipur-pink-panthers
up-yoddha,30 - 30,bengal-warriors,Draw
dabang-delhi-kc,38 - 45,gujarat-fortunegiants,gujarat-fortunegiants
up-yoddha,29 - 35,bengaluru-bulls,bengaluru-bulls
u-mumba,31 - 22,puneri-paltan,u-mumba
jaipur-pink-panthers,25 - 36,gujarat-fortunegiants,gujarat-fortunegiants
up-yoddha,24 - 46,tamil-thalaivas,tamil-thalaivas
patna-pirates,29 - 27,bengal-warriors,patna-pirates
patna-pirates,41 - 43,bengaluru-bulls,bengaluru-bulls
dabang-delhi-kc,27 - 31,puneri-paltan,puneri-paltan
patna-pirates,32 - 53,telugu-titans,telugu-titans
puneri-paltan,27 - 37,gujarat-fortunegiants,gujarat-fortunegiants
patna-pirates,32 - 43,haryana-steelers,haryana-steelers
dabang-delhi-kc,36 - 38,up-yoddha,up-yoddha
patna-pirates,39 - 40,u-mumba,u-mumba
jaipur-pink-panthers,28 - 39,bengal-warriors,bengal-warriors
gujarat-fortunegiants,36 - 25,tamil-thalaivas,gujarat-fortunegiants
patna-pirates,41 - 30,jaipur-pink-panthers,patna-pirates
puneri-paltan,23 - 29,up-yoddha,up-yoddha
bengaluru-bulls,42 - 34,haryana-steelers,bengaluru-bulls
puneri-paltan,31 - 36,tamil-thalaivas,tamil-thalaivas
u-mumba,41 - 20,telugu-titans,u-mumba
puneri-paltan,27 - 25,bengaluru-bulls,puneri-paltan
dabang-delhi-kc,39 - 30,bengal-warriors,dabang-delhi-kc
puneri-paltan,33 - 32,u-mumba,puneri-paltan
up-yoddha,40 - 40,bengal-warriors,Draw
puneri-paltan,29 - 25,jaipur-pink-panthers,puneri-paltan
patna-pirates,31 - 35,telugu-titans,telugu-titans
puneri-paltan,28 - 34,gujarat-fortunegiants,gujarat-fortunegiants
haryana-steelers,34 - 31,dabang-delhi-kc,haryana-steelers
haryana-steelers,32 - 42,u-mumba,u-mumba
bengaluru-bulls,44 - 35,tamil-thalaivas,bengaluru-bulls
haryana-steelers,33 - 36,jaipur-pink-panthers,jaipur-pink-panthers
bengal-warriors,30 - 25,telugu-titans,bengal-warriors
haryana-steelers,27 - 45,puneri-paltan,puneri-paltan
patna-pirates,43 - 37,up-yoddha,patna-pirates
haryana-steelers,26 - 53,u-mumba,u-mumba
telugu-titans,34 - 29,up-yoddha,telugu-titans
puneri-paltan,36 - 41,dabang-delhi-kc,dabang-delhi-kc
haryana-steelers,32 - 25,gujarat-fortunegiants,haryana-steelers
tamil-thalaivas,27 - 36,bengal-warriors,bengal-warriors
up-yoddha,41 - 43,patna-pirates,patna-pirates
tamil-thalaivas,37 - 48,bengaluru-bulls,bengaluru-bulls
u-mumba,39 - 32,jaipur-pink-panthers,u-mumba
tamil-thalaivas,28 - 33,telugu-titans,telugu-titans
dabang-delhi-kc,32 - 32,gujarat-fortunegiants,Draw
tamil-thalaivas,32 - 37,up-yoddha,up-yoddha
puneri-paltan,34 - 22,haryana-steelers,puneri-paltan
puneri-paltan,32 - 32,u-mumba,Draw
tamil-thalaivas,42 - 26,patna-pirates,tamil-thalaivas
