team1,score,team2,winner
gujarat-fortunegiants,38 - 55,patna-pirates,patna-pirates
bengal-warriors,44 - 47,patna-pirates,patna-pirates
puneri-paltan,32 - 42,patna-pirates,patna-pirates
gujarat-fortunegiants,42 - 17,bengal-warriors,gujarat-fortunegiants
patna-pirates,69 - 30,haryana-steelers,patna-pirates
puneri-paltan,40 - 38,up-yoddha,puneri-paltan
puneri-paltan,22 - 23,gujarat-fortunegiants,gujarat-fortunegiants
telugu-titans,37 - 37,bengal-warriors,Draw
puneri-paltan,38 - 15,jaipur-pink-panthers,puneri-paltan
patna-pirates,29 - 29,bengaluru-bulls,Draw
puneri-paltan,27 - 31,haryana-steelers,haryana-steelers
bengaluru-bulls,64 - 24,up-yoddha,bengaluru-bulls
puneri-paltan,34 - 31,dabang-delhi-kc,puneri-paltan
bengaluru-bulls,38 - 32,up-yoddha,bengaluru-bulls
puneri-paltan,43 - 24,u-mumba,puneri-paltan
tamil-thalaivas,40 - 37,patna-pirates,tamil-thalaivas
bengal-warriors,34 - 30,tamil-thalaivas,bengal-warriors
puneri-paltan,20 - 44,gujarat-fortunegiants,gujarat-fortunegiants
jaipur-pink-panthers,32 - 53,up-yoddha,up-yoddha
jaipur-pink-panthers,27 - 37,haryana-steelers,haryana-steelers
dabang-delhi-kc,32 - 35,bengaluru-bulls,bengaluru-bulls
jaipur-pink-panthers,34 - 35,dabang-delhi-kc,dabang-delhi-kc
u-mumba,35 - 38,tamil-thalaivas,tamil-thalaivas
jaipur-pink-panthers,30 - 38,puneri-paltan,puneri-paltan
gujarat-fortunegiants,33 - 29,patna-pirates,gujarat-fortunegiants
jaipur-pink-panthers,36 - 32,u-mumba,jaipur-pink-panthers
haryana-steelers,32 - 30,telugu-titans,haryana-steelers
puneri-paltan,19 - 25,bengal-warriors,bengal-warriors
jaipur-pink-panthers,23 - 29,gujarat-fortunegiants,gujarat-fortunegiants
tamil-thalaivas,35 - 45,bengaluru-bulls,bengaluru-bulls
tamil-thalaivas,33 - 37,up-yoddha,up-yoddha
u-mumba,30 - 41,haryana-steelers,haryana-steelers
tamil-thalaivas,37 - 58,telugu-titans,telugu-titans
dabang-delhi-kc,22 - 42,gujarat-fortunegiants,gujarat-fortunegiants
tamil-thalaivas,30 - 33,u-mumba,u-mumba
jaipur-pink-panthers,31 - 32,bengal-warriors,bengal-warriors
tamil-thalaivas,26 - 27,jaipur-pink-panthers,jaipur-pink-panthers
puneri-paltan,34 - 33,up-yoddha,puneri-paltan
gujarat-fortunegiants,30 - 29,patna-pirates,gujarat-fortunegiants
tamil-thalaivas,20 - 33,puneri-paltan,puneri-paltan
dabang-delhi-kc,22 - 44,telugu-titans,telugu-titans
bengaluru-bulls,30 - 42,u-mumba,u-mumba
dabang-delhi-kc,16 - 45,up-yoddha,up-yoddha
telugu-titans,41 - 34,jaipur-pink-panthers,telugu-titans
dabang-delhi-kc,34 - 36,patna-pirates,patna-pirates
gujarat-fortunegiants,34 - 35,tamil-thalaivas,tamil-thalaivas
dabang-delhi-kc,24 - 42,haryana-steelers,haryana-steelers
bengal-warriors,32 - 33,tamil-thalaivas,tamil-thalaivas
dabang-delhi-kc,29 - 34,puneri-paltan,puneri-paltan
bengaluru-bulls,29 - 33,bengal-warriors,bengal-warriors
dabang-delhi-kc,28 - 30,u-mumba,u-mumba
patna-pirates,41 - 46,up-yoddha,up-yoddha
jaipur-pink-panthers,26 - 30,haryana-steelers,haryana-steelers
patna-pirates,41 - 39,tamil-thalaivas,patna-pirates
u-mumba,23 - 45,gujarat-fortunegiants,gujarat-fortunegiants
patna-pirates,36 - 32,bengaluru-bulls,patna-pirates
puneri-paltan,37 - 25,haryana-steelers,puneri-paltan
patna-pirates,37 - 37,bengal-warriors,Draw
jaipur-pink-panthers,36 - 25,dabang-delhi-kc,jaipur-pink-panthers
patna-pirates,45 - 42,up-yoddha,patna-pirates
bengaluru-bulls,26 - 26,telugu-titans,Draw
u-mumba,28 - 39,gujarat-fortunegiants,gujarat-fortunegiants
patna-pirates,46 - 30,telugu-titans,patna-pirates
haryana-steelers,27 - 27,jaipur-pink-panthers,Draw
haryana-steelers,22 - 38,puneri-paltan,puneri-paltan
tamil-thalaivas,34 - 33,up-yoddha,tamil-thalaivas
haryana-steelers,27 - 24,dabang-delhi-kc,haryana-steelers
bengal-warriors,32 - 31,telugu-titans,bengal-warriors
haryana-steelers,19 - 37,telugu-titans,telugu-titans
bengaluru-bulls,24 - 20,puneri-paltan,bengaluru-bulls
haryana-steelers,38 - 31,bengaluru-bulls,haryana-steelers
patna-pirates,41 - 51,u-mumba,u-mumba
gujarat-fortunegiants,30 - 30,up-yoddha,Draw
haryana-steelers,41 - 41,patna-pirates,Draw
bengal-warriors,31 - 31,dabang-delhi-kc,Draw
telugu-titans,37 - 42,puneri-paltan,puneri-paltan
bengal-warriors,31 - 37,u-mumba,u-mumba
dabang-delhi-kc,38 - 30,bengaluru-bulls,dabang-delhi-kc
bengal-warriors,29 - 36,haryana-steelers,haryana-steelers
patna-pirates,47 - 21,jaipur-pink-panthers,patna-pirates
bengal-warriors,29 - 25,tamil-thalaivas,bengal-warriors
gujarat-fortunegiants,25 - 31,jaipur-pink-panthers,jaipur-pink-panthers
bengal-warriors,26 - 26,up-yoddha,Draw
gujarat-fortunegiants,36 - 42,haryana-steelers,haryana-steelers
bengal-warriors,41 - 38,patna-pirates,bengal-warriors
u-mumba,36 - 32,jaipur-pink-panthers,u-mumba
telugu-titans,33 - 28,tamil-thalaivas,telugu-titans
u-mumba,38 - 32,haryana-steelers,u-mumba
u-mumba,32 - 33,dabang-delhi-kc,dabang-delhi-kc
bengal-warriors,32 - 26,bengaluru-bulls,bengal-warriors
u-mumba,24 - 26,puneri-paltan,puneri-paltan
patna-pirates,35 - 24,tamil-thalaivas,patna-pirates
bengal-warriors,36 - 36,patna-pirates,Draw
u-mumba,36 - 39,jaipur-pink-panthers,jaipur-pink-panthers
up-yoddha,25 - 23,telugu-titans,up-yoddha
up-yoddha,33 - 33,tamil-thalaivas,Draw
haryana-steelers,27 - 25,dabang-delhi-kc,haryana-steelers
up-yoddha,31 - 32,bengal-warriors,bengal-warriors
gujarat-fortunegiants,35 - 21,puneri-paltan,gujarat-fortunegiants
up-yoddha,22 - 24,jaipur-pink-panthers,jaipur-pink-panthers
patna-pirates,42 - 47,puneri-paltan,puneri-paltan
up-yoddha,29 - 36,haryana-steelers,haryana-steelers
telugu-titans,37 - 32,u-mumba,telugu-titans
bengaluru-bulls,28 - 30,jaipur-pink-panthers,jaipur-pink-panthers
up-yoddha,34 - 37,u-mumba,u-mumba
gujarat-fortunegiants,26 - 26,bengal-warriors,Draw
dabang-delhi-kc,30 - 29,tamil-thalaivas,dabang-delhi-kc
gujarat-fortunegiants,29 - 19,telugu-titans,gujarat-fortunegiants
haryana-steelers,25 - 25,tamil-thalaivas,Draw
gujarat-fortunegiants,27 - 24,bengaluru-bulls,gujarat-fortunegiants
bengal-warriors,17 - 34,puneri-paltan,puneri-paltan
gujarat-fortunegiants,27 - 20,jaipur-pink-panthers,gujarat-fortunegiants
patna-pirates,27 - 27,up-yoddha,Draw
gujarat-fortunegiants,29 - 25,dabang-delhi-kc,gujarat-fortunegiants
telugu-titans,32 - 39,up-yoddha,up-yoddha
gujarat-fortunegiants,39 - 21,u-mumba,gujarat-fortunegiants
bengaluru-bulls,24 - 29,tamil-thalaivas,tamil-thalaivas
puneri-paltan,28 - 30,jaipur-pink-panthers,jaipur-pink-panthers
bengaluru-bulls,31 - 25,bengal-warriors,bengaluru-bulls
bengaluru-bulls,21 - 21,telugu-titans,Draw
gujarat-fortunegiants,20 - 32,haryana-steelers,haryana-steelers
bengaluru-bulls,32 - 46,patna-pirates,patna-pirates
bengal-warriors,40 - 20,up-yoddha,bengal-warriors
bengaluru-bulls,27 - 32,up-yoddha,up-yoddha
u-mumba,36 - 22,dabang-delhi-kc,u-mumba
puneri-paltan,26 - 21,dabang-delhi-kc,puneri-paltan
bengaluru-bulls,32 - 31,tamil-thalaivas,bengaluru-bulls
telugu-titans,36 - 43,patna-pirates,patna-pirates
telugu-titans,24 - 30,bengal-warriors,bengal-warriors
gujarat-fortunegiants,27 - 27,haryana-steelers,Draw
telugu-titans,18 - 31,up-yoddha,up-yoddha
gujarat-fortunegiants,26 - 20,dabang-delhi-kc,gujarat-fortunegiants
telugu-titans,21 - 31,bengaluru-bulls,bengaluru-bulls
u-mumba,29 - 28,haryana-steelers,u-mumba
telugu-titans,29 - 35,patna-pirates,patna-pirates
jaipur-pink-panthers,26 - 30,dabang-delhi-kc,dabang-delhi-kc
u-mumba,21 - 33,puneri-paltan,puneri-paltan
telugu-titans,32 - 27,tamil-thalaivas,telugu-titans
