team1,team2
u-mumba,up-yoddha
puneri-paltan,tamil-thalaivas
bengal-warriors,haryana-steelers
telugu-titans,patna-pirates
puneri-paltan,bengaluru-bulls
jaipur-pink-panthers,gujarat-fortunegiants
up-yoddha,tamil-thalaivas
u-mumba,gujarat-fortunegiants
jaipur-pink-panthers,bengal-warriors
patna-pirates,haryana-steelers
dabang-delhi-kc,bengaluru-bulls
telugu-titans,bengal-warriors
jaipur-pink-panthers,puneri-paltan
patna-pirates,dabang-delhi-kc
u-mumba,bengaluru-bulls
jaipur-pink-panthers,telugu-titans
haryana-steelers,up-yoddha
gujarat-fortunegiants,tamil-thalaivas
puneri-paltan,dabang-delhi-kc
haryana-steelers,gujarat-fortunegiants
bengal-warriors,dabang-delhi-kc
tamil-thalaivas,u-mumba
u-mumba,patna-pirates
haryana-steelers,bengaluru-bulls
telugu-titans,puneri-paltan
jaipur-pink-panthers,bengaluru-bulls
haryana-steelers,telugu-titans
up-yoddha,dabang-delhi-kc
gujarat-fortunegiants,patna-pirates
bengal-warriors,patna-pirates
up-yoddha,puneri-paltan
telugu-titans,gujarat-fortunegiants
tamil-thalaivas,jaipur-pink-panthers
bengal-warriors,tamil-thalaivas
up-yoddha,telugu-titans
u-mumba,haryana-steelers
dabang-delhi-kc,u-mumba
up-yoddha,bengaluru-bulls
